id,floor,room,item,size_mm,qty,spec,category,link
GF-01,Ground floor,Living / Dining,TV unit,2400 x 450,1,"Wall-hung, light oak veneer, 2 drawers",Storage,
GF-02,Ground floor,Living / Dining,L-shaped sofa,3050 x 1700,1,"Danube Home Overstuffed 3-Seater Modular corner sofa, beige, W 305 x L 170 x H 68 cm, left-hand chaise",Seating,https://danubehome.com/ae/en/p/overstuffed-3-seater-modular-couch-or-modern-l-shaped-sectional-sofa-for-living-room-furniture-(beige)-179900152912
GF-03,Ground floor,Living / Dining,Rug,2800 x 2000,1,"Wool blend, oatmeal, 2000 x 2800",Rugs,
GF-04,Ground floor,Living / Dining,Coffee table,1100 x 600,1,"Rounded rectangle, oak or travertine top",Tables,
GF-05,Ground floor,Living / Dining,Armchair,800 x 800,1,"Olive boucle, swivel base",Seating,
GF-06,Ground floor,Living / Dining,Floor lamp,400 x 400,1,"Black metal, linen shade",Plants and lighting,
GF-07,Ground floor,Living / Dining,Dining table,1800 x 900,1,"Seats 6, solid oak, 1800 x 900",Tables,
GF-08,Ground floor,Living / Dining,Dining chair,500 x 500,6,"Upholstered seat, black frame",Seating,
GF-09,Ground floor,Living / Dining,Sideboard,1800 x 450,1,"Oak, fluted doors, for crockery",Storage,
GF-10,Ground floor,Living / Dining,Plant,500 x 500,2,Large potted plant (olive tree or fiddle leaf),Plants and lighting,
GF-11,Ground floor,Foyer,Console + mirror,1200 x 350,1,"Slim oak console, round mirror above",Storage,
GF-12,Ground floor,Foyer,Shoe cabinet,1300 x 400,1,"Tall, handleless, off-white",Storage,
GF-13,Ground floor,Kitchen,Fridge,700 x 700,1,"Freestanding, 700 wide, counter-depth",Appliances,
GF-14,Ground floor,Maid,Single bed,1900 x 900,1,900 x 1900 with under-bed drawers,Beds,
GF-15,Ground floor,Maid,Wardrobe,900 x 550,1,"2-door, 900 wide, 550 deep",Storage,
FF-01,First floor,Bedroom 1,Queen bed,2000 x 1600,1,"1600 x 2000, upholstered headboard, greige",Beds,
FF-02,First floor,Bedroom 1,Nightstand,450 x 450,2,"Oak, 1 drawer",Storage,
FF-03,First floor,Bedroom 1,Wardrobe,2400 x 600,1,"Built-in, 4 doors, light oak",Storage,
FF-04,First floor,Bedroom 1,Desk,1200 x 600,1,"Under the window, oak top, black legs",Tables,
FF-05,First floor,Bedroom 1,Desk chair,500 x 500,1,"Task chair, fabric",Seating,
FF-06,First floor,Master bedroom,King bed,2000 x 1800,1,"1800 x 2000, tall upholstered headboard, sand",Beds,
FF-07,First floor,Master bedroom,Nightstand,450 x 450,2,"Oak, 2 drawers, wall lamp above",Storage,
FF-08,First floor,Master bedroom,Bench,1400 x 450,1,"End-of-bed bench, olive velvet",Seating,
FF-09,First floor,Master bedroom,Dresser / TV,1600 x 450,1,"Low dresser, TV wall-mounted above",Storage,
FF-10,First floor,Master bedroom,Lounge chair,800 x 800,1,"Reading chair by the window, cream",Seating,
FF-11,First floor,Master closet,Wardrobe,1700 x 600,2,"Open hanging + drawers, oak",Storage,
FF-12,First floor,Lobby,Console,1200 x 350,1,"Slim console, art above",Storage,
FF-13,First floor,Bedroom 2,Queen bed,2000 x 1600,1,"1600 x 2000, upholstered headboard, greige",Beds,
FF-14,First floor,Bedroom 2,Nightstand,450 x 450,2,"Oak, 1 drawer",Storage,
FF-15,First floor,Bedroom 2,Wardrobe,2000 x 600,1,"Built-in, 3 doors, light oak",Storage,
FF-16,First floor,Bedroom 2,Desk,1200 x 600,1,"Next to the window, oak top",Tables,
FF-17,First floor,Bedroom 2,Desk chair,500 x 500,1,"Task chair, fabric",Seating,
FF-18,First floor,Bedroom 2,Armchair,800 x 800,1,Compact reading chair,Seating,
FF-19,First floor,Balcony,Outdoor chair,600 x 600,2,"Powder-coated aluminium, outdoor cushion",Seating,
FF-20,First floor,Balcony,Side table,500 x 500,1,"Outdoor, 500 diameter",Tables,
FF-21,First floor,Balcony,Planter,400 x 400,1,Tall planter,Plants and lighting,
